{
  "staging": {
    "awscloudformation": {
      "AuthRoleName": "amplify-amplifyf2eff42530204-staging-171303-authRole",
      "UnauthRoleArn": "arn:aws:iam::084619430748:role/amplify-amplifyf2eff42530204-staging-171303-unauthRole",
      "AuthRoleArn": "arn:aws:iam::084619430748:role/amplify-amplifyf2eff42530204-staging-171303-authRole",
      "Region": "ca-central-1",
      "DeploymentBucketName": "amplify-amplifyf2eff42530204-staging-171303-deployment",
      "UnauthRoleName": "amplify-amplifyf2eff42530204-staging-171303-unauthRole",
      "StackName": "amplify-amplifyf2eff42530204-staging-171303",
      "StackId": "arn:aws:cloudformation:ca-central-1:084619430748:stack/amplify-amplifyf2eff42530204-staging-171303/a5d14d20-c354-11ed-8cad-06a9131492fe",
      "AmplifyAppId": "dlz2p74nl9u8",
      "APIGatewayAuthURL": "https://s3.amazonaws.com/amplify-amplifyf2eff42530204-staging-171303-deployment/amplify-cfn-templates/api/APIGatewayAuthStack.json"
    },
    "categories": {
      "auth": {
        "inverteclientv228c7d778": {}
      },
      "function": {
        "inverteAmplifyAPIv1DisplayIngredient": {
          "deploymentBucketName": "amplify-amplifyf2eff42530204-staging-171303-deployment",
          "s3Key": "amplify-builds/inverteAmplifyAPIv1DisplayIngredient-4b4678713830784e776f-build.zip"
        },
        "inverteAmplifyAPIv1GETdaily": {
          "deploymentBucketName": "amplify-amplifyf2eff42530204-staging-171303-deployment",
          "s3Key": "amplify-builds/inverteAmplifyAPIv1GETdaily-636d34416c3470725a43-build.zip"
        },
        "inverteAmplifyAPIv1GETrestaurant": {
          "deploymentBucketName": "amplify-amplifyf2eff42530204-staging-171303-deployment",
          "s3Key": "amplify-builds/inverteAmplifyAPIv1GETrestaurant-7866533456302b51456e-build.zip"
        },
        "inverteAmplifyAPIv1UPDATEmeta": {
          "deploymentBucketName": "amplify-amplifyf2eff42530204-staging-171303-deployment",
          "s3Key": "amplify-builds/inverteAmplifyAPIv1UPDATEmeta-2b51306c596949575a64-build.zip"
        },
        "inverteAmplifyAPIv1UnitOfMass": {
          "deploymentBucketName": "amplify-amplifyf2eff42530204-staging-171303-deployment",
          "s3Key": "amplify-builds/inverteAmplifyAPIv1UnitOfMass-474b5a4a4a7358555836-build.zip"
        },
        "inverteAmplifyAPIv1UpdateIngredient": {
          "deploymentBucketName": "amplify-amplifyf2eff42530204-staging-171303-deployment",
          "s3Key": "amplify-builds/inverteAmplifyAPIv1UpdateIngredient-39744c4d75684b65546f-build.zip"
        },
        "inverteAmplifyAPIv1GETanalytics": {
          "deploymentBucketName": "amplify-amplifyf2eff42530204-staging-171303-deployment",
          "s3Key": "amplify-builds/inverteAmplifyAPIv1GETanalytics-794937597a6479417356-build.zip"
        }
      },
      "api": {
        "inverteClientAmplifyAPIV2": {}
      }
    }
  }
}