{
  "version": 1,
  "paths": {
    "/restaurants/{restaurantID}": {
      "name": "/restaurants/{restaurantID}",
      "lambdaFunction": "inverteAmplifyAPIv1GETrestaurant",
      "permissions": {
        "setting": "open"
      }
    },
    "/daily/{iotThingName}": {
      "name": "/daily/{iotThingName}",
      "lambdaFunction": "inverteAmplifyAPIv1GETdaily",
      "permissions": {
        "setting": "private",
        "auth": [
          "create",
          "read",
          "update",
          "delete"
        ]
      }
    },
    "/hourlyMeta/{iotNameThing}": {
      "name": "/hourlyMeta/{iotNameThing}",
      "lambdaFunction": "inverteAmplifyAPIv1UPDATEmeta",
      "permissions": {
        "setting": "private",
        "auth": [
          "create",
          "read",
          "update",
          "delete"
        ]
      }
    },
    "/ingredientName/{restaurantID}": {
      "name": "/ingredientName/{restaurantID}",
      "lambdaFunction": "inverteAmplifyAPIv1UpdateIngredient",
      "permissions": {
        "setting": "private",
        "auth": [
          "create",
          "read",
          "update",
          "delete"
        ]
      }
    },
    "/unitOfMass/{restaurantID}": {
      "name": "/unitOfMass/{restaurantID}",
      "lambdaFunction": "inverteAmplifyAPIv1UnitOfMass",
      "permissions": {
        "setting": "private",
        "auth": [
          "create",
          "read",
          "update",
          "delete"
        ]
      }
    },
    "/displayIngredient/{restaurantID}": {
      "name": "/displayIngredient/{restaurantID}",
      "lambdaFunction": "inverteAmplifyAPIv1DisplayIngredient",
      "permissions": {
        "setting": "private",
        "auth": [
          "create",
          "read",
          "update",
          "delete"
        ]
      }
    },
    "/analytics/{iotNameThing}": {
      "name": "/analytics/{iotNameThing}",
      "lambdaFunction": "inverteAmplifyAPIv1GETanalytics",
      "permissions": {
        "setting": "private",
        "auth": [
          "create",
          "read",
          "update",
          "delete"
        ]
      }
    }
  }
}