{
  "providers": {
    "awscloudformation": {
      "AuthRoleName": "amplify-amplifyf2eff42530204-staging-171303-authRole",
      "UnauthRoleArn": "arn:aws:iam::084619430748:role/amplify-amplifyf2eff42530204-staging-171303-unauthRole",
      "AuthRoleArn": "arn:aws:iam::084619430748:role/amplify-amplifyf2eff42530204-staging-171303-authRole",
      "Region": "ca-central-1",
      "DeploymentBucketName": "amplify-amplifyf2eff42530204-staging-171303-deployment",
      "UnauthRoleName": "amplify-amplifyf2eff42530204-staging-171303-unauthRole",
      "StackName": "amplify-amplifyf2eff42530204-staging-171303",
      "StackId": "arn:aws:cloudformation:ca-central-1:084619430748:stack/amplify-amplifyf2eff42530204-staging-171303/a5d14d20-c354-11ed-8cad-06a9131492fe",
      "AmplifyAppId": "dlz2p74nl9u8",
      "APIGatewayAuthURL": "https://s3.amazonaws.com/amplify-amplifyf2eff42530204-staging-171303-deployment/amplify-cfn-templates/api/APIGatewayAuthStack.json"
    }
  },
  "api": {
    "inverteClientAmplifyAPIv1": {
      "dependsOn": [
        {
          "attributes": [
            "Name",
            "Arn"
          ],
          "category": "function",
          "resourceName": "inverteAmplifyAPIv1GETrestaurant"
        },
        {
          "attributes": [
            "Name",
            "Arn"
          ],
          "category": "function",
          "resourceName": "inverteAmplifyAPIv1GETdaily"
        }
      ],
      "providerPlugin": "awscloudformation",
      "service": "API Gateway",
      "output": {
        "ApiName": "inverteClientAmplifyAPIv1",
        "RootUrl": "https://ucp6bnix07.execute-api.ca-central-1.amazonaws.com/staging",
        "ApiId": "ucp6bnix07"
      },
      "lastPushTimeStamp": "2023-03-21T19:57:24.365Z",
      "providerMetadata": {
        "s3TemplateURL": "https://s3.amazonaws.com/amplify-amplifyf2eff42530204-staging-171303-deployment/amplify-cfn-templates/api/inverteClientAmplifyAPIv1-cloudformation-template.json",
        "logicalId": "apiinverteClientAmplifyAPIv1"
      },
      "lastPushDirHash": "ixBbb25M38FAyzeA1LuBLWDLGdg="
    }
  },
  "auth": {
    "inverteclientv228c7d778": {
      "customAuth": false,
      "dependsOn": [],
      "frontendAuthConfig": {
        "mfaConfiguration": "OFF",
        "mfaTypes": [
          "SMS"
        ],
        "passwordProtectionSettings": {
          "passwordPolicyCharacters": [],
          "passwordPolicyMinLength": 8
        },
        "signupAttributes": [
          "EMAIL"
        ],
        "socialProviders": [],
        "usernameAttributes": [
          "EMAIL"
        ],
        "verificationMechanisms": [
          "EMAIL"
        ]
      },
      "providerPlugin": "awscloudformation",
      "service": "Cognito",
      "output": {
        "UserPoolId": "ca-central-1_xLpEnUlYZ",
        "AppClientIDWeb": "6obuqui6np756qsigp1brrvhfl",
        "AppClientID": "cs1kj3jn01v829c869pa8lqlm",
        "IdentityPoolId": "ca-central-1:df57529e-77de-4062-bb4d-728a3744bd3f",
        "UserPoolArn": "arn:aws:cognito-idp:ca-central-1:084619430748:userpool/ca-central-1_xLpEnUlYZ",
        "IdentityPoolName": "inverteclientv228c7d778_identitypool_28c7d778__staging",
        "UserPoolName": "inverteclientv228c7d778_userpool_28c7d778"
      },
      "lastPushTimeStamp": "2023-03-21T19:57:24.365Z",
      "providerMetadata": {
        "s3TemplateURL": "https://s3.amazonaws.com/amplify-amplifyf2eff42530204-staging-171303-deployment/amplify-cfn-templates/auth/inverteclientv228c7d778-cloudformation-template.json",
        "logicalId": "authinverteclientv228c7d778"
      },
      "lastPushDirHash": "zf7B64wzHockukAJiat7nAZOqJg="
    }
  },
  "function": {
    "inverteAmplifyAPIv1GETdaily": {
      "build": true,
      "providerPlugin": "awscloudformation",
      "service": "Lambda",
      "output": {
        "LambdaExecutionRoleArn": "arn:aws:iam::084619430748:role/inverteclientv2LambdaRole2c4d13d0-staging",
        "Region": "ca-central-1",
        "Arn": "arn:aws:lambda:ca-central-1:084619430748:function:inverteAmplifyAPIv1GETdaily-staging",
        "Name": "inverteAmplifyAPIv1GETdaily-staging",
        "LambdaExecutionRole": "inverteclientv2LambdaRole2c4d13d0-staging"
      },
      "lastPushTimeStamp": "2023-03-21T19:57:24.365Z",
      "providerMetadata": {
        "s3TemplateURL": "https://s3.amazonaws.com/amplify-amplifyf2eff42530204-staging-171303-deployment/amplify-cfn-templates/function/inverteAmplifyAPIv1GETdaily-cloudformation-template.json",
        "logicalId": "functioninverteAmplifyAPIv1GETdaily"
      },
      "s3Bucket": {
        "deploymentBucketName": "amplify-amplifyf2eff42530204-staging-171303-deployment",
        "s3Key": "amplify-builds/inverteAmplifyAPIv1GETdaily-4c5a4744696761694b52-build.zip"
      },
      "lastBuildTimeStamp": "2023-03-21T19:55:52.620Z",
      "lastBuildType": "PROD",
      "lastPackageTimeStamp": "2023-03-21T19:55:52.657Z",
      "distZipFilename": "inverteAmplifyAPIv1GETdaily-4c5a4744696761694b52-build.zip",
      "lastPushDirHash": "AVsH6XRkv5KscYKJoLLdj3D1B2Q="
    },
    "inverteAmplifyAPIv1GETrestaurant": {
      "build": true,
      "providerPlugin": "awscloudformation",
      "service": "Lambda",
      "output": {
        "LambdaExecutionRoleArn": "arn:aws:iam::084619430748:role/inverteclientv2LambdaRole701d7fac-staging",
        "Region": "ca-central-1",
        "Arn": "arn:aws:lambda:ca-central-1:084619430748:function:inverteAmplifyAPIv1GETrestaurant-staging",
        "Name": "inverteAmplifyAPIv1GETrestaurant-staging",
        "LambdaExecutionRole": "inverteclientv2LambdaRole701d7fac-staging"
      },
      "lastPushTimeStamp": "2023-03-21T19:57:24.365Z",
      "providerMetadata": {
        "s3TemplateURL": "https://s3.amazonaws.com/amplify-amplifyf2eff42530204-staging-171303-deployment/amplify-cfn-templates/function/inverteAmplifyAPIv1GETrestaurant-cloudformation-template.json",
        "logicalId": "functioninverteAmplifyAPIv1GETrestaurant"
      },
      "s3Bucket": {
        "deploymentBucketName": "amplify-amplifyf2eff42530204-staging-171303-deployment",
        "s3Key": "amplify-builds/inverteAmplifyAPIv1GETrestaurant-78584276376f34396c74-build.zip"
      },
      "lastBuildTimeStamp": "2023-03-21T19:55:52.621Z",
      "lastBuildType": "PROD",
      "lastPackageTimeStamp": "2023-03-21T19:55:52.664Z",
      "distZipFilename": "inverteAmplifyAPIv1GETrestaurant-78584276376f34396c74-build.zip",
      "lastPushDirHash": "LmwPeyn7CBOI63mogh6j8jtu/Vc="
    }
  },
  "parameters": {
    "AMPLIFY_function_inverteAmplifyAPIv1GETdaily_deploymentBucketName": {
      "usedBy": [
        {
          "category": "function",
          "resourceName": "inverteAmplifyAPIv1GETdaily"
        }
      ]
    },
    "AMPLIFY_function_inverteAmplifyAPIv1GETdaily_s3Key": {
      "usedBy": [
        {
          "category": "function",
          "resourceName": "inverteAmplifyAPIv1GETdaily"
        }
      ]
    },
    "AMPLIFY_function_inverteAmplifyAPIv1GETrestaurant_deploymentBucketName": {
      "usedBy": [
        {
          "category": "function",
          "resourceName": "inverteAmplifyAPIv1GETrestaurant"
        }
      ]
    },
    "AMPLIFY_function_inverteAmplifyAPIv1GETrestaurant_s3Key": {
      "usedBy": [
        {
          "category": "function",
          "resourceName": "inverteAmplifyAPIv1GETrestaurant"
        }
      ]
    }
  }
}